id,name,brand,category,price,rating,colors,is_featured,images,created_at,old_price,slug
0,Nike Air Max Plus,nike,unisex,229,100,"[{""name"":""Clear Sky"",""slug"":""clear-sky"",""color"":""#6994c2"",""base_color"":""blue""},{""name"":""Crimson Cloud"",""slug"":""crimson-cloud"",""color"":""#bc1119"",""base_color"":""red""},{""name"":""Ice Peach"",""slug"":""ice-peach"",""color"":""#6bd5d2"",""base_color"":""blue""}]",true,,2026-09-12 09:07:40.061107+00,269,nike-air-max-plus
1,Nike P-6000,nike,men,169,97,"[{""name"":""Black Blizzard"",""slug"":""black-blizzard"",""color"":""#000000"",""base_color"":""black""},{""name"":""Ice Crack"",""slug"":""ice-crack"",""color"":""#3a4256"",""base_color"":""blue""},{""name"":""Cyanid"",""slug"":""cyanid"",""color"":""#6bd5d2"",""base_color"":""blue""}]",true,,2026-08-14 10:18:32.381082+00,199,nike-p-6000
2,Nike Air Max 90,nike,men,119,86,"[{""name"":""Concreate"",""slug"":""concreate"",""color"":""#88858c"",""base_color"":""grey""},{""name"":""White Snow"",""slug"":""white-snow"",""color"":""#ffffff"",""base_color"":""white""}]",false,,2026-08-03 11:04:14.988801+00,139,nike-air-max-90
3,Nike V2K Run,nike,women,129,92,"[{""name"":""Silver Chariot"",""slug"":""silver-chariot"",""color"":""#d0c9d4"",""base_color"":""grey""}]",false,,2026-08-28 21:29:07.29226+00,,nike-v2k-run
4,New Balance 1906R,new balance,men,109,87,"[{""name"":""Golden Plate"",""slug"":""golden-plate"",""color"":""#89672d"",""base_color"":""yellow""},{""name"":""Emerald Hazard"",""slug"":""emerald-hazard"",""color"":""#2b4f3d"",""base_color"":""green""},{""name"":""Duality"",""slug"":""duality"",""color"":""#ffffff"",""base_color"":""white""}]",false,,2026-07-15 15:44:02.206028+00,,new-balance-1906r
5,New Balance 703,new balance,women,119,83,"[{""name"":""Duality"",""slug"":""duality"",""color"":""#ffffff"",""base_color"":""white""},{""name"":""Pink Guy"",""slug"":""pink-guy"",""color"":""#db3e8c"",""base_color"":""pink""}]",false,,2026-08-20 18:37:07.982554+00,,new-balance-703
6,New Balance 530,new balance,unisex,99,95,"[{""name"":""Not White Snow"",""slug"":""not-white-snow"",""color"":""#ffffff"",""base_color"":""white""},{""name"":""Orange Burn"",""slug"":""orange-burn"",""color"":""#ef835c"",""base_color"":""orange""},{""name"":""Silver Flame"",""slug"":""silver-flame"",""color"":""#9fa4aa"",""base_color"":""grey""}]",true,,2026-07-20 01:57:17.578776+00,129,new-balance-530
7,New Balance 740,new balance,men,149,99,"[{""name"":""Human Nature"",""slug"":""human-nature"",""color"":""#eee1ba"",""base_color"":""brown""},{""name"":""Blant Slate"",""slug"":""blant-slate"",""color"":""#ced1d2"",""base_color"":""grey""},{""name"":""Dark Plague"",""slug"":""dark-plague"",""color"":""#000000"",""base_color"":""black""}]",true,,2026-09-04 14:40:51.040804+00,179,new-balance-740
8,Reebok Zig Kinetica 2.5,reebok,women,99,90,"[{""name"":""B Travel"",""slug"":""b-travel"",""color"":""#000000"",""base_color"":""black""},{""name"":""Tasteless"",""slug"":""tasteless"",""color"":""#ced1d2"",""base_color"":""grey""}]",false,,2026-08-03 07:27:23.069786+00,,reebok-zig-kinetica-2-5
9,Reebok FloatZig 2,reebok,women,119,89,"[{""name"":""Actimel C+"",""slug"":""actimel-c"",""color"":""#8d6db8"",""base_color"":""orange""}]",false,,2026-08-29 15:11:46.104629+00,,reebok-floatzig-2
10,Vans Old Skool,vans,unisex,89,80,"[{""name"":""Classic"",""slug"":""classic"",""color"":""#507096"",""base_color"":""blue""},{""name"":""Dog Food"",""slug"":""dog-food"",""color"":""#2d2222"",""base_color"":""brown""},{""name"":""Cerydra Move"",""slug"":""cerydra-move"",""color"":""#000000"",""base_color"":""black""}]",false,,2026-08-17 23:16:46.407915+00,119,vans-old-skool
11,New Balance 2002,new balance,men,139,94,"[{""name"":""BB"",""slug"":""bb"",""color"":""#000000"",""base_color"":""black""}]",false,,2026-08-09 12:23:17.873878+00,,new-balance-2002
12,Reebok Floatzig 2,reebok,women,169,91,"[{""name"":""Beach Baby"",""slug"":""beach-baby"",""color"":""#000000"",""base_color"":""black""}]",false,,2026-09-09 05:09:50.848948+00,,reebok-floatzig-2
13,Nike Zoom Vomero 5,nike,unisex,169,79,"[{""name"":""Unhuman Behavior"",""slug"":""unhuman-behavior"",""color"":""#eee1ba"",""base_color"":""brown""},{""name"":""Grass Fly"",""slug"":""grass-fly"",""color"":""#2b4f3d"",""base_color"":""green""},{""name"":""Orange Fruit"",""slug"":""orange-fruit"",""color"":""#8d6db8"",""base_color"":""orange""}]",false,,2026-09-04 17:18:03.098008+00,,nike-zoom-vomero-5
14,Salomon XA Pro 3D V9,salomon,women,229,82,"[{""name"":""Ugly Pie"",""slug"":""ugly-pie"",""color"":""#eee1ba"",""base_color"":""brown""},{""name"":""B Jay"",""slug"":""b-jay"",""color"":""#000000"",""base_color"":""black""},{""name"":""Dobble D"",""slug"":""dobble-d"",""color"":""#8a6f52"",""base_color"":""brown""}]",false,,2026-07-26 22:33:48.294756+00,,salomon-xa-pro-3d-v9
15,New Balance 860,new balance,men,199,85,"[{""name"":""Tripple F"",""slug"":""tripple-f"",""color"":""#ffffff"",""base_color"":""white""},{""name"":""BBB"",""slug"":""bbb"",""color"":""#000000"",""base_color"":""black""}]",false,,2026-08-28 13:18:51.091792+00,,new-balance-860
16,New Balance 725,new balance,men,139,98,"[{""name"":""Bisq"",""slug"":""bisq"",""color"":""#eee1ba"",""base_color"":""brown""},{""name"":""WWW"",""slug"":""www"",""color"":""#ffffff"",""base_color"":""white""},{""name"":""Spare Spoon"",""slug"":""spare-spoon"",""color"":""#d0c9d4"",""base_color"":""grey""}]",true,,2026-08-03 15:47:26.739943+00,169,new-balance-725
17,Puma Milenio Tech,puma,unisex,79,76,"[{""name"":""Z Blizzard"",""slug"":""z-blizzard"",""color"":""#000000"",""base_color"":""black""},{""name"":""W Noise"",""slug"":""w-noise"",""color"":""#ffffff"",""base_color"":""white""}]",false,,2026-07-27 16:19:31.667027+00,,puma-milenio-tech
18,Puma Velophasis Always On,puma,women,109,74,"[{""name"":""Tooth Ache"",""slug"":""tooth-ache"",""color"":""#ffffff"",""base_color"":""white""},{""name"":""Silver Wolf"",""slug"":""silver-wolf"",""color"":""#d0c9d4"",""base_color"":""grey""},{""name"":""Tall Grass"",""slug"":""tall-grass"",""color"":""#2b4f3d"",""base_color"":""green""}]",false,,2026-08-15 17:35:42.432902+00,,puma-velophasis-always-on
19,Streetbeat River,streetbeat,men,109,75,"[{""name"":""Office"",""slug"":""office"",""color"":""#ffffff"",""base_color"":""white""},{""name"":""Dog Fur"",""slug"":""dog-fur"",""color"":""#2d2222"",""base_color"":""brown""},{""name"":""Sky Bird"",""slug"":""sky-bird"",""color"":""#6994c2"",""base_color"":""blue""}]",false,,2026-08-25 05:08:13.194073+00,,streetbeat-river
20,Nike Air Pegasus 2005,nike,men,189,84,"[{""name"":""WH With"",""slug"":""wh-with"",""color"":""#ffffff"",""base_color"":""white""}]",false,,2026-07-22 10:06:26.552857+00,,nike-air-pegasus-2005
21,Puma Inverse Urban Explorer,puma,unisex,209,81,"[{""name"":""Brown Bear"",""slug"":""brown-bear"",""color"":""#2d2222"",""base_color"":""brown""}]",false,,2026-08-28 15:22:41.090375+00,,puma-inverse-urban-explorer
22,Adidas Ozmillen,adidas,women,129,93,"[{""name"":""November"",""slug"":""november"",""color"":""#000000"",""base_color"":""black""},{""name"":""Gee Jay"",""slug"":""gee-jay"",""color"":""#2b4f3d"",""base_color"":""green""},{""name"":""Ordinary G"",""slug"":""ordinary-g"",""color"":""#88858c"",""base_color"":""grey""}]",false,,2026-07-19 05:31:54.816661+00,259,adidas-ozmillen
23,Adidas Response CL,adidas,women,129,78,"[{""name"":""Ordinary G"",""slug"":""ordinary-g"",""color"":""#88858c"",""base_color"":""grey""}]",false,,2026-07-22 16:57:11.092663+00,,adidas-response-cl
24,Adidas Forum Low,adidas,unisex,109,77,"[{""name"":""High Sky"",""slug"":""high-sky"",""color"":""#6994c2"",""base_color"":""blue""},{""name"":""Moon"",""slug"":""moon"",""color"":""#ffffff"",""base_color"":""white""}]",false,,2026-08-21 05:43:36.179332+00,249,adidas-forum-low